Name/ID	Vertical	Industry	EmployeeQuantityGrowthRate	SalesTurnoverGrowthRate	PriorYearEmployees	 PriorYearRevenue 	 SalesVolume 	SmallBusiness	Delinquency  Rate
10168	VOIP/VSP	Telecommunications	0	0	3	 $ 197,123.89 	 $ 197,123.89 	Y	0
10301	Media	Media & Content	0	0	70	 $ -   	 $ 1,092,843.01 	Y	Low Risk
10329	Real Estate / Construction	Other Enterprise	0.157143	0.322514	70	 $ 15,635,647.41 	 $ 20,678,366.92 	N	Low Risk
10492	Cloud Service Provider	Data Center & Cloud Services	0	0.073722	55	 $ 6,439,380.37 	 $ 6,914,105.95 	Y	Low Risk
10565	Higher Education	Research & Education	0	-0.073995	455	 $ -   	 $ 124,190,797.98 	N	Low Risk
10599	Manufacturing	Energy & Manufacturing	0	0.397113	57	 $ 10,907,521.86 	 $ 15,239,044.66 	Y	Low Risk
11179	Retail	Other Enterprise	0	0	0	 $ -   	 $ 273,104.63 	Y	Low Risk
11243	Consulting / Other Professional Services	Professional Services	0	0	9	 $ 801,637.15 	 $ 801,637.15 	Y	Low Risk
11410	Finance	Finance	0	0	2	 $ 102,504.42 	 $ 102,504.42 	Y	0
11573	Non-Healthcare Insurance	Other Enterprise	0	0	44	 $ 9,199,114.82 	 $ 9,199,114.82 	Y	High Risk
11850	Oil & Gas	Energy & Manufacturing	0	0	50	 $ -   	 $ 38,979,817.93 	N	Low Risk
11919	Legal	Professional Services	0	0.401205	12	 $ 1,708,407.04 	 $ 2,393,827.83 	N	Low Risk
12029	Consulting / Other Professional Services	Professional Services	0	0	0	 $ -   	 $ 265,942.47 	N	M
12268	Internet Content & Software	Media & Content	0	0	14	 $ 2,234,070.74 	 $ 2,234,070.74 	Y	High Risk
12283	Consulting / Other Professional Services	Professional Services	#N/A	#N/A	#N/A	 #N/A 	 #N/A 	#N/A	#N/A
12348	Consulting / Other Professional Services	Professional Services	0	0.694458	52	 $ 7,227,875.93 	 $ 12,247,329.56 	Y	High Risk
12427	Manufacturing	Energy & Manufacturing	0	0	0	 $ -   	 $ -   	N	0
12451	Internet Content & Software	Media & Content	0	0	4	 $ 381,106.19 	 $ 381,106.19 	Y	0
12620	Systems Integrators	Government	5.25	7.52236	8	 $ 1,169,601.74 	 $ 9,967,766.57 	N	Low Risk
12813	Consulting / Other Professional Services	Professional Services	0	0.015873	4	 $ 827,920.33 	 $ 841,061.93 	Y	Low Risk
12870	Internet Content & Software	Media & Content	0	0	0	 $ -   	 $ -   	0	Low Risk
13149	Manufacturing	Energy & Manufacturing	0	0.030303	4	 $ 433,672.56 	 $ 446,814.15 	Y	Low Risk
13226	Consulting / Other Professional Services	Professional Services	0	0	17	 $ 1,708,407.04 	 $ 1,708,407.04 	Y	0
13512	Internet Content & Software	Media & Content	0	-0.083333	1	 $ 157,699.11 	 $ 144,557.52 	Y	Low Risk
13527	Higher Education	Research & Education	#N/A	#N/A	#N/A	 #N/A 	 #N/A 	#N/A	#N/A
13587	Utilities	Energy & Manufacturing	0	0	3	 $ 210,265.48 	 $ 210,265.48 	N	Low Risk
13665	Finance	Finance	0	0	55	 $ 3,942,477.78 	 $ 3,942,477.78 	Y	High Risk
13895	Real Estate / Construction	Other Enterprise	0	0	0	 $ -   	 $ -   	N	Low Risk
13961	Regional Carrier/ISP	Telecommunications	0	0.016667	6	 $ 788,495.56 	 $ 801,637.15 	Y	Low Risk
13971	RLEC	Telecommunications	0	0	7	 $ 274,389.88 	 $ 274,389.88 	N	0
14113	Internet Content & Software	Media & Content	0	0	0	 $ -   	 $ 4,634,807.10 	N	High Risk
14172	Regional Carrier/ISP	Telecommunications	0	0	2	 $ 249,690.26 	 $ 249,690.26 	Y	0
14181	Non-Healthcare Insurance	Other Enterprise	0	0.630487	3	 $ 407,389.37 	 $ 664,243.11 	N	Low Risk
14259	Federal Government	Government	0	0.164976	469	 $ 106,858,733.92 	 $ 124,487,807.17 	N	Low Risk
14288	Oil & Gas	Energy & Manufacturing	0	1.676839	700	 $ 112,360,616.73 	 $ 300,771,288.15 	N	Low Risk
14410	Colo/Hosting	Data Center & Cloud Services	0	-0.101873	20	 $ 3,416,814.08 	 $ 3,068,731.40 	N	Low Risk
14458	Healthcare	Healthcare	0	0.499768	65	 $ 7,490,707.78 	 $ 11,234,326.98 	Y	Low Risk
14693	Higher Education	Research & Education	0	-0.01525	2000	 $ -   	 $ 412,417,343.93 	N	Low Risk
14709	National Carrier/ISP	Telecommunications	#N/A	#N/A	#N/A	 #N/A 	 #N/A 	#N/A	#N/A
14895	Commercial Systems Integrator	Professional Services	0	-0.2	12	 $ 1,971,238.89 	 $ 1,576,991.11 	Y	Low Risk
15054	Media	Media & Content	0	0	6	 $ 1,576,991.11 	 $ 1,576,991.11 	Y	Low Risk
15089	Consulting / Other Professional Services	Professional Services	0	0.860887	180	 $ 52,566,370.40 	 $ 97,820,096.34 	Y	Low Risk
15191	Colo/Hosting	Data Center & Cloud Services	0	0	0	 $ -   	 $ -   	N	0
15307	Hospitality	Other Enterprise	0	2.501643	2100	 $ 168,475,217.13 	 $ 589,940,142.80 	N	Low Risk
15519	Utilities	Energy & Manufacturing	0	1.348301	775	 $ 106,184,068.21 	 $ 249,352,135.42 	N	Low Risk
15581	Consulting / Other Professional Services	Professional Services	0	0.541957	25	 $ 4,599,557.41 	 $ 7,092,319.09 	Y	Low Risk
15627	Internet Content & Software	Media & Content	0	0.023529	1	 $ 111,703.54 	 $ 114,331.86 	Y	M
15629	Cloud Service Provider	Data Center & Cloud Services	0	3.075201	28	 $ 6,570,796.30 	 $ 26,777,318.28 	Y	Low Risk
15718	Engineering	Professional Services	0	0	803	 $ 433,245,117.62 	 $ 433,245,117.62 	N	Low Risk
16084	K-12 Education	Research & Education	0	0	0	 $ -   	 $ -   	N	Low Risk
16447	State/Local Government	Government	0	0	0	 $ -   	 $ -   	N	Low Risk
16451	Health Insurance	Healthcare	0	0.159358	150	 $ 26,151,769.27 	 $ 30,319,250.83 	N	Low Risk
16462	Consulting / Other Professional Services	Professional Services	0	1.431462	30	 $ 6,439,380.37 	 $ 15,657,106.32 	Y	Low Risk
16486	Internet Content & Software	Media & Content	0	2.215709	30	 $ 4,599,557.41 	 $ 14,790,837.50 	Y	Low Risk
16872	Higher Education	Research & Education	0	0	3000	 $ -   	 $ 388,501,656.06 	N	Low Risk
17098	Internet Content & Software	Media & Content	0	0	1	 $ 72,278.76 	 $ 72,278.76 	Y	0
17124	Cloud Service Provider	Data Center & Cloud Services	0	0.066667	3	 $ 197,123.89 	 $ 210,265.48 	Y	Low Risk
17452	Colo/Hosting	Data Center & Cloud Services	0	0	2	 $ 525,663.70 	 $ 525,663.70 	Y	Low Risk
17539	Consulting / Other Professional Services	Professional Services	0	0.103809	32	 $ 3,416,814.08 	 $ 3,771,509.60 	N	High Risk
17695	Cloud Service Provider	Data Center & Cloud Services	0	2.488372	11	 $ 1,130,176.96 	 $ 3,942,477.78 	Y	Low Risk
17803	Retail	Other Enterprise	0	0.055556	2	 $ 118,274.33 	 $ 124,845.13 	Y	High Risk
18095	Colo/Hosting	Data Center & Cloud Services	0	0	0	 $ -   	 $ -   	N	0
18149	State/Local Government	Government	0	0	630	 $ -   	 $ -   	N	Low Risk
18228	Regional Carrier/ISP	Telecommunications	0	4.88929	13	 $ 1,301,017.67 	 $ 7,662,070.21 	Y	Low Risk
18283	Finance	Finance	4.833333	9.526782	6	 $ 657,079.63 	 $ 6,916,934.02 	Y	Low Risk
18476	Internet Content & Software	Media & Content	0	0.472195	200	 $ 59,399,998.55 	 $ 87,448,387.44 	N	Low Risk
18493	Consulting / Other Professional Services	Professional Services	0	0	1	 $ 55,194.69 	 $ 55,194.69 	Y	0
18514	Consulting / Other Professional Services	Professional Services	0	0.083333	2	 $ 157,699.11 	 $ 170,840.70 	Y	M
18727	Real Estate / Construction	Other Enterprise	#N/A	#N/A	#N/A	 #N/A 	 #N/A 	#N/A	#N/A
18730	Cable & Satellite	CATV/Satellite	0	-0.515	10	 $ 2,628,318.52 	 $ 1,274,734.48 	Y	Low Risk
18834	Consulting / Other Professional Services	Professional Services	1.5	3.781561	40	 $ 2,234,070.74 	 $ 10,682,345.93 	Y	Low Risk
18844	Healthcare	Healthcare	0	0	13	 $ 1,169,601.74 	 $ 1,169,601.74 	Y	Low Risk
19712	Engineering	Professional Services	0	16.29826	300	 $ 30,094,247.05 	 $ 520,578,106.10 	N	Low Risk
19747	Finance	Finance	0	0	0	 $ -   	 $ -   	0	Low Risk
19886	State/Local Government	Government	0	0	85	 $ -   	 $ -   	N	Low Risk
20216	State/Local Government	Government	0	0.104167	7	 $ 630,796.44 	 $ 696,504.41 	N	Low Risk
20331	Reseller	Telecommunications	0	0.015152	1	 $ 86,734.51 	 $ 88,048.67 	Y	0
20337	Reseller	Telecommunications	0	2.048272	25	 $ 1,077,610.59 	 $ 3,284,850.15 	Y	Low Risk
20827	Retail	Other Enterprise	-0.5	-0.627451	6	 $ 670,221.22 	 $ 262,831.85 	Y	Low Risk
20923	Consulting / Other Professional Services	Professional Services	0	0.286091	8	 $ 919,911.48 	 $ 1,183,090.27 	Y	Low Risk
20963	Consulting / Other Professional Services	Professional Services	0	0	13	 $ 1,314,159.26 	 $ 1,314,159.26 	Y	Low Risk
21104	Manufacturing	Energy & Manufacturing	-0.058824	-0.098564	22100	 $ 14,175,704,521.69 	 $ 12,778,490,396.46 	N	Low Risk
21244	RLEC	Telecommunications	0	0.838916	25	 $ 3,416,814.08 	 $ 6,283,234.60 	N	Low Risk
21428	State/Local Government	Government	0	0	100	 $ 23,539,433.56 	 $ 23,539,433.56 	N	Low Risk
21474	Internet Content & Software	Media & Content	0	0.678496	87	 $ 14,192,920.01 	 $ 23,822,754.47 	Y	#N/A
21481	Consulting / Other Professional Services	Professional Services	2.833333	0	6	 $ 2,102,654.82 	 $ 2,102,654.82 	Y	Low Risk
21486	Regional Carrier/ISP	Telecommunications	0	0	3	 $ 328,539.82 	 $ 328,539.82 	Y	Low Risk
21576	Colo/Hosting	Data Center & Cloud Services	0	0	2	 $ 197,123.89 	 $ 197,123.89 	Y	0
21612	Higher Education	Research & Education	0	0	1100	 $ -   	 $ 195,857,059.19 	N	Low Risk
21613	Regional Carrier/ISP	Telecommunications	0	0	25	 $ 3,679,645.93 	 $ 3,679,645.93 	Y	Low Risk
21634	State/Local Government	Government	0	0	0	 $ -   	 $ 8,194,487.38 	Y	Low Risk
21647	Internet Content & Software	Media & Content	0	-0.032258	1	 $ 122,216.81 	 $ 118,274.33 	Y	Low Risk
21857	Wireless	Telecommunications	0	2.182119	14	 $ 1,839,822.96 	 $ 5,854,536.14 	Y	M
21930	Finance	Finance	0	4.081976	5	 $ 775,353.96 	 $ 3,940,330.44 	Y	Low Risk
22164	Consulting / Other Professional Services	Professional Services	0	0	2	 $ 262,831.85 	 $ 262,831.85 	Y	0
22278	Retail	Other Enterprise	0	0	5	 $ 3,416,814.08 	 $ 3,416,814.08 	Y	High Risk
22309	Commercial Systems Integrator	Professional Services	0	0	35	 $ 19,821,217.06 	 $ 19,821,217.06 	Y	High Risk
22390	Colo/Hosting	Data Center & Cloud Services	0	0	0	 $ -   	 $ 67,022.12 	Y	M
22430			0	0	2	 $ 289,115.04 	 $ 289,115.04 	N	High Risk
22508	Internet Content & Software	Media & Content	0	0	0	 $ -   	 $ -   	0	0
22520	Consulting / Other Professional Services	Professional Services	0	0.208648	25	 $ 3,679,645.93 	 $ 4,447,394.85 	Y	High Risk
22644	Finance	Finance	0	-0.116857	24	 $ 3,153,982.22 	 $ 2,785,417.06 	N	Low Risk
22645	Finance	Finance	0	0	2	 $ 197,123.89 	 $ 197,123.89 	Y	High Risk
22747	Internet Content & Software	Media & Content	0	0	150	 $ 21,026,548.16 	 $ 21,026,548.16 	Y	Low Risk
22876	Finance	Finance	0	5.415062	1100	 $ 27,728,760.39 	 $ 177,881,704.97 	Y	M
22967	Finance	Finance	0	0.1605	350	 $ 27,597,344.46 	 $ 32,026,716.93 	N	Low Risk
22973	Retail	Other Enterprise	0	0.018868	1	 $ 69,650.44 	 $ 70,964.60 	Y	0
23000			0	0.527164	100	 $ 22,340,707.42 	 $ 34,117,929.36 	N	High Risk
23138	Finance	Finance	0	-0.066667	2	 $ 197,123.89 	 $ 183,982.30 	Y	Low Risk
23197	Regional Carrier/ISP	Telecommunications	0	0.027027	4	 $ 486,238.93 	 $ 499,380.52 	Y	High Risk
23312	Finance	Finance	0.22807	1.790293	285	 $ 42,973,007.80 	 $ 119,907,273.53 	N	Low Risk
23313	Regional Carrier/ISP	Telecommunications	0	0	0	 $ -   	 $ -   	N	0
23405	State/Local Government	Government	0	0	2	 $ 183,982.30 	 $ 183,982.30 	Y	0
23539	Colo/Hosting	Data Center & Cloud Services	0	0.767934	20	 $ 3,153,982.22 	 $ 5,576,032.93 	Y	Low Risk
23588	Internet Content & Software	Media & Content	0	0.148582	35	 $ 4,730,973.34 	 $ 5,433,910.55 	Y	Low Risk
23614	Research	Research & Education	0	0	2	 $ 131,415.93 	 $ 131,415.93 	Y	0
23885	Wireless	Telecommunications	0	-0.441773	10	 $ 1,169,601.74 	 $ 652,903.23 	Y	Low Risk
23999	Engineering	Professional Services	0	2.67113	100	 $ 20,632,300.38 	 $ 75,743,863.47 	N	Low Risk
24048	Retail	Other Enterprise	0	0	12	 $ 1,708,407.04 	 $ 1,708,407.04 	Y	0
24139	Reseller	Telecommunications	0	0.058824	3	 $ 223,407.07 	 $ 236,548.67 	Y	High Risk
24150	National Carrier/ISP	Telecommunications	0	0	2	 $ 113,017.70 	 $ 113,017.70 	Y	0
24284	Commercial Systems Integrator	Professional Services	0	0	0	 $ -   	 $ -   	N	0
24370	Retail	Other Enterprise	0	2.259967	42	 $ 1,971,238.89 	 $ 6,426,173.07 	Y	Low Risk
24593	Retail	Other Enterprise	0	0.708249	250	 $ 36,796,459.28 	 $ 62,857,517.40 	N	High Risk
24783	Reseller	Telecommunications	3.473684	5.688192	19	 $ 2,365,486.67 	 $ 15,820,829.53 	Y	High Risk
24863	Retail	Other Enterprise	0	1.351296	1819	 $ 134,701,324.15 	 $ 316,722,643.93 	N	Low Risk
25178	Healthcare	Healthcare	0	0	2	 $ 111,703.54 	 $ 111,703.54 	Y	0
25231	Internet Content & Software	Media & Content	0	0	2	 $ 114,331.86 	 $ 114,331.86 	Y	0
25356	Consulting / Other Professional Services	Professional Services	0.046875	0.058513	3200	 $ 894,174,987.05 	 $ 946,495,609.67 	N	Low Risk
25464	Media	Media & Content	0	0.010526	10	 $ 1,248,451.30 	 $ 1,261,592.89 	Y	Low Risk
25662	Internet Content & Software	Media & Content	0	0.147541	11	 $ 801,637.15 	 $ 919,911.48 	Y	Low Risk
25744	Real Estate / Construction	Other Enterprise	0	0	0	 $ -   	 $ -   	N	Low Risk
25761	Internet Content & Software	Media & Content	0	0.022222	6	 $ 591,371.67 	 $ 604,513.26 	Y	High Risk
25763	Finance	Finance	0	0.212121	2	 $ 130,101.77 	 $ 157,699.11 	Y	High Risk
25830	Internet Content & Software	Media & Content	0	0.025316	1	 $ 103,818.58 	 $ 106,446.90 	Y	Low Risk
25872	Finance	Finance	0	0	0	 $ -   	 $ -   	N	Low Risk
25885	Transportation	Other Enterprise	0	0.226717	60	 $ 3,679,645.93 	 $ 4,513,886.05 	Y	Low Risk
26267	Consulting / Other Professional Services	Professional Services	11.5	23.656875	4	 $ 670,221.22 	 $ 16,525,560.58 	Y	Low Risk
26325	Manufacturing	Energy & Manufacturing	0	-0.999907	260	 $ 243,119,463.10 	 $ 22,723.13 	N	Low Risk
26351	State/Local Government	Government	0	0	1200	 $ -   	 $ -   	N	Low Risk
26371	Colo/Hosting	Data Center & Cloud Services	0	0.026996	5300	 $ 4,405,456,087.30 	 $ 4,524,387,500.33 	N	High Risk
26488	Consulting / Other Professional Services	Professional Services	0	0.011993	68	 $ 9,593,362.60 	 $ 9,708,415.93 	Y	M
26669	Internet Content & Software	Media & Content	0	0.573161	300	 $ 43,104,423.73 	 $ 67,810,188.09 	Y	Low Risk
26670	Healthcare	Healthcare	0	0	35000	 $ 1,612,356,451.85 	 $ 1,612,356,451.85 	N	Low Risk
26867	Legal	Professional Services	0	0	6	 $ 578,230.07 	 $ 578,230.07 	Y	0
27411	Healthcare	Healthcare	0	13.156501	14400	 $ 1,176,172,537.70 	 $ 16,650,487,138.41 	N	High Risk
27533	Internet Content & Software	Media & Content	1.266667	4.587922	75	 $ 11,696,017.41 	 $ 65,356,437.23 	N	Low Risk
27779	Retail	Other Enterprise	0	0	1	 $ 65,707.96 	 $ 65,707.96 	Y	0
28013	Real Estate / Construction	Other Enterprise	0	6.436675	550	 $ 18,398,229.64 	 $ 136,821,660.98 	N	M
28078	Regional Carrier/ISP	Telecommunications	0	0	1	 $ 73,592.92 	 $ 73,592.92 	Y	Low Risk
28244	Internet Content & Software	Media & Content	0	0	25	 $ 2,496,902.59 	 $ 2,496,902.59 	Y	0
28510	National Carrier/ISP	Telecommunications	0	0	1	 $ -   	 $ -   	0	M
28634	Media	Media & Content	0	0.036097	30	 $ 413,300,352.50 	 $ 428,219,194.38 	N	Low Risk
28664	K-12 Education	Research & Education	0	0	0	 $ -   	 $ -   	N	Low Risk
28945	Finance	Finance	0	0	2	 $ 170,840.70 	 $ 170,840.70 	Y	0
29229	Cloud Service Provider	Data Center & Cloud Services	0.8	1.247377	10	 $ 1,445,575.19 	 $ 3,248,752.82 	Y	High Risk
29279	Finance	Finance	0	0	50	 $ 4,599,557.41 	 $ 4,599,557.41 	Y	High Risk
29296	Wireless	Telecommunications	0	-0.081016	65	 $ 8,410,619.26 	 $ 7,729,223.75 	Y	Low Risk
29382	Federal Government	Government	0	0	0	 $ -   	 $ -   	N	High Risk
29450	Retail	Other Enterprise	0	2.219679	20	 $ 2,234,070.74 	 $ 7,192,990.26 	Y	Low Risk
29479	Internet Content & Software	Media & Content	0	0.026316	1	 $ 99,876.10 	 $ 102,504.42 	Y	Low Risk
29582	Consulting / Other Professional Services	Professional Services	0	1.725974	195	 $ 7,753,539.63 	 $ 21,135,946.66 	Y	Low Risk
29832	Systems Integrators	Government	0	0	14	 $ 1,839,822.96 	 $ 1,839,822.96 	Y	Low Risk
29842	Cloud Service Provider	Data Center & Cloud Services	0	0	2	 $ 197,123.89 	 $ 197,123.89 	Y	0
29857	VOIP/VSP	Telecommunications	0	-0.236658	150	 $ 31,276,990.39 	 $ 23,875,031.72 	Y	Low Risk
30010	Finance	Finance	0	0	0	 $ -   	 $ 5,974,595.10 	N	Low Risk
30081	Cable & Satellite	CATV/Satellite	0	0	15	 $ -   	 $ 1,235,859.02 	Y	Low Risk
30422			0	1.949996	375	 $ 32,722,565.57 	 $ 96,531,448.85 	N	Low Risk
30496	Internet Content & Software	Media & Content	0	0	2	 $ 183,982.30 	 $ 183,982.30 	Y	Low Risk
30567	Legal	Professional Services	0	1.345058	3662	 $ 450,099,546.55 	 $ 1,055,509,542.43 	N	Low Risk
30592	Real Estate / Construction	Other Enterprise	0	0	0	 $ -   	 $ -   	N	Low Risk
30679	Internet Content & Software	Media & Content	0	0	0	 $ -   	 $ 131,415.93 	Y	Low Risk
30692	Internet Content & Software	Media & Content	0	0	0	 $ -   	 $ -   	N	0
30717	Cable & Satellite	CATV/Satellite	0	0	7	 $ 328,539.82 	 $ 328,539.82 	Y	Low Risk
30746	Consulting / Other Professional Services	Professional Services	0.003176	0	17000	 $ -   	 $ 4,294,340,070.06 	N	Low Risk
30786	National Carrier/ISP	Telecommunications	#N/A	#N/A	#N/A	 #N/A 	 #N/A 	#N/A	#N/A
30842	Media	Media & Content	0	0	2	 $ 123,530.97 	 $ 123,530.97 	Y	0
30934	Media	Media & Content	0.166667	0.488619	12	 $ 1,130,176.96 	 $ 1,682,402.45 	Y	Low Risk
31243	RLEC	Telecommunications	0	0	12	 $ 2,978,218.68 	 $ 2,978,218.68 	Y	Low Risk
31431	Internet Content & Software	Media & Content	0	0	22	 $ 16,426,990.75 	 $ 16,426,990.75 	Y	High Risk
31463	Federal Government	Government	0	0	9500	 $ -   	 $ -   	N	Low Risk
31487	Consulting / Other Professional Services	Professional Services	0	0	40	 $ 15,769,911.12 	 $ 15,769,911.12 	Y	High Risk
31770	K-12 Education	Research & Education	0	0	0	 $ -   	 $ 599,607.50 	N	Low Risk
31916	Regional Carrier/ISP	Telecommunications	0	0.017857	1	 $ 73,592.92 	 $ 74,907.08 	Y	Low Risk
31995	Telecommunications Equipment Provider	Other Enterprise	0	0.422066	10	 $ 1,287,876.07 	 $ 1,831,445.20 	Y	Low Risk
32223	Finance	Finance	0	0.387768	70	 $ 10,644,690.01 	 $ 14,772,363.05 	Y	Low Risk
32434	Finance	Finance	0	0	25	 $ 591,371.67 	 $ 591,371.67 	Y	High Risk
32471	Retail	Other Enterprise	0	-0.594933	2500	 $ 177,017,252.32 	 $ 71,703,922.38 	N	Low Risk
32627	Colo/Hosting	Data Center & Cloud Services	23	117.499977	1	 $ 170,840.70 	 $ 20,244,619.46 	Y	Low Risk
32729	Finance	Finance	0	0	30	 $ 1,839,822.96 	 $ 1,839,822.96 	Y	Low Risk
32924	Federal Government	Government	0	0	0	 $ -   	 $ -   	N	Low Risk
33180	Manufacturing	Energy & Manufacturing	0	1.710904	2700	 $ 428,284,502.83 	 $ 1,161,038,343.24 	N	Low Risk
33198	Cloud Service Provider	Data Center & Cloud Services	0	0.011236	1	 $ 116,960.17 	 $ 118,274.33 	Y	Low Risk
33226	Engineering	Professional Services	0	0	13	 $ 1,708,407.04 	 $ 1,708,407.04 	Y	Low Risk
33432	RLEC	Telecommunications	0	-0.047619	3	 $ 275,973.44 	 $ 275,973.44 	Y	M
33728	Internet Content & Software	Media & Content	0	1.887689	100	 $ 18,135,397.79 	 $ 52,369,383.18 	N	Low Risk
34173	Consulting / Other Professional Services	Professional Services	0.333333	4	30	 $ 2,891,150.37 	 $ 14,455,751.86 	Y	Low Risk
34269	Internet Content & Software	Media & Content	0	0.546378	47	 $ 6,439,380.37 	 $ 9,957,713.25 	N	0
34427	Consulting / Other Professional Services	Professional Services	0	0	0	 $ -   	 $ -   	N	0
34444	Consulting / Other Professional Services	Professional Services	0	0	3	 $ 236,548.67 	 $ 236,548.67 	Y	0
34512	State/Local Government	Government	0	0	2500	 $ -   	 $ -   	N	Low Risk
34574	PTT	Telecommunications	1.1	4.691529	10	 $ 985,619.45 	 $ 5,609,681.98 	N	Low Risk
35258	Regional Carrier/ISP	Telecommunications	0	10.125187	350	 $ 23,260,618.90 	 $ 258,778,741.72 	Y	Low Risk
35355			0	1.193305	30	 $ 4,336,725.56 	 $ 9,511,759.88 	Y	Low Risk
35412	Federal Government	Government	0	1.575201	40	 $ 2,365,486.67 	 $ 6,091,603.90 	N	Low Risk
35577	Colo/Hosting	Data Center & Cloud Services	0	0	0	 $ -   	 $ 131,415.93 	Y	Low Risk
35583	Internet Content & Software	Media & Content	0	0.594764	56	 $ 5,782,300.74 	 $ 9,221,404.28 	Y	Low Risk
35616	Colo/Hosting	Data Center & Cloud Services	0	0.088235	1	 $ 44,681.41 	 $ 48,623.89 	Y	High Risk
35831	Consulting / Other Professional Services	Professional Services	0	0	3	 $ 394,247.78 	 $ 394,247.78 	Y	Low Risk
35957	Transportation	Other Enterprise	0	0.035088	20	 $ 749,070.78 	 $ 775,353.96 	Y	Low Risk
35972	Finance	Finance	0	2.007164	9	 $ 1,445,575.19 	 $ 4,347,081.13 	Y	High Risk
35982	Manufacturing	Energy & Manufacturing	0	0.0125	14	 $ 1,051,327.41 	 $ 1,064,469.00 	Y	Low Risk
35991	Regional Carrier/ISP	Telecommunications	0	0	0	 $ -   	 $ 149,718.22 	N	High Risk
36038	Consulting / Other Professional Services	Professional Services	0	2.228728	524	 $ 42,841,591.88 	 $ 138,323,850.15 	N	Low Risk
36274	Regional Carrier/ISP	Telecommunications	0	0	15	 $ 3,219,690.19 	 $ 3,219,690.19 	Y	Low Risk
36712	Colo/Hosting	Data Center & Cloud Services	0	0.394448	23	 $ 3,942,477.78 	 $ 5,497,580.26 	Y	High Risk
36850	Cloud Service Provider	Data Center & Cloud Services	0	1.313566	86	 $ 15,112,831.49 	 $ 34,964,535.73 	Y	Low Risk
36978	Retail	Other Enterprise	0	-0.288528	140	 $ 38,279,389.44 	 $ 27,234,723.24 	N	Low Risk
37092	State/Local Government	Government	0	0	3	 $ 223,407.07 	 $ 223,407.07 	Y	0
37269	Finance	Finance	0	-0.05048	837	 $ 226,152,352.89 	 $ 214,736,251.40 	N	Low Risk
37324	Manufacturing	Energy & Manufacturing	0	1.829425	60	 $ 6,307,964.45 	 $ 17,847,912.31 	Y	Low Risk
37348	Internet Content & Software	Media & Content	0	0	0	 $ -   	 $ -   	N	0
37399	Cloud Service Provider	Data Center & Cloud Services	1.4	1.109042	25	 $ 4,205,309.63 	 $ 8,869,175.43 	Y	Low Risk
37833	Healthcare	Healthcare	0	0.29137	2000	 $ 173,074,774.54 	 $ 223,503,596.57 	N	Low Risk
37960	Internet Content & Software	Media & Content	0	0	0	 $ -   	 $ -   	N	0
37981	Real Estate / Construction	Other Enterprise	0	0.862342	21	 $ 2,365,486.67 	 $ 4,405,344.38 	Y	Low Risk
38096	Cloud Service Provider	Data Center & Cloud Services	0	0.421053	4	 $ 249,690.26 	 $ 354,823.00 	Y	Low Risk
38359	Consulting / Other Professional Services	Professional Services	0	0	1	 $ 144,557.52 	 $ 144,557.52 	Y	M
38428	Finance	Finance	-1	-1	3	 $ 157,699.11 	 $ -   	N	Low Risk
38447	Finance	Finance	0	0.029412	4	 $ 446,814.15 	 $ 459,955.74 	Y	Low Risk
38626	Media	Media & Content	0	0	0	 $ -   	 $ 17,459,942.27 	Y	0
38705	Consulting / Other Professional Services	Professional Services	0	0	2	 $ 210,265.48 	 $ 210,265.48 	Y	0
38718	Colo/Hosting	Data Center & Cloud Services	0	0	2	 $ 144,557.52 	 $ 144,557.52 	Y	Low Risk
38899	Healthcare	Healthcare	0	0.022727	18	 $ 1,156,460.15 	 $ 1,182,743.33 	Y	Low Risk
39284	Higher Education	Research & Education	0	1.265267	53	 $ 3,416,814.08 	 $ 7,739,995.91 	Y	High Risk
39448	Non-Healthcare Insurance	Other Enterprise	0	0	240	 $ 328,539,815.00 	 $ 328,539,815.00 	N	Low Risk
39450	Retail	Other Enterprise	0	-0.010286	1135	 $ 335,636,275.00 	 $ 332,183,881.38 	N	Low Risk
39534	Consulting / Other Professional Services	Professional Services	0	-0.090909	1	 $ 144,557.52 	 $ 131,415.93 	Y	High Risk
39569	Legal	Professional Services	0	0.381319	90	 $ 11,827,433.34 	 $ 16,337,463.65 	Y	Low Risk
39837	Internet Content & Software	Media & Content	0	0	0	 $ -   	 $ 122,325.89 	N	Low Risk
39956	Cloud Service Provider	Data Center & Cloud Services	0	0	0	 $ -   	 $ 105,621.61 	N	Low Risk
40039	Consulting / Other Professional Services	Professional Services	0.070833	0.080521	2400	 $ 736,000,150.20 	 $ 795,263,476.19 	N	Low Risk
40224	Retail	Other Enterprise	-0.212851	-0.137891	249000	 $ 47,556,795,300.88 	 $ 40,999,140,593.48 	N	Low Risk
40240	Internet Content & Software	Media & Content	0	0	15	 $ 788,495.56 	 $ 788,495.56 	Y	Low Risk
40294	Healthcare	Healthcare	0	0	0	 $ -   	 $ 5,640,965.54 	Y	Low Risk
40488	Healthcare	Healthcare	0	0.514867	3700	 $ 410,674,768.75 	 $ 622,117,518.90 	N	Low Risk
40505	Media	Media & Content	0	3.270054	4300	 $ 601,884,941.08 	 $ 2,570,080,938.68 	N	Low Risk
40673	Regional Carrier/ISP	Telecommunications	0	3.108496	15	 $ 2,102,654.82 	 $ 8,638,749.43 	Y	Low Risk
40699	VOIP/VSP	Telecommunications	0	0	0	 $ -   	 $ -   	N	Low Risk
40783			0	0	2	 $ 144,557.52 	 $ 144,557.52 	Y	0
40980	Consulting / Other Professional Services	Professional Services	-0.088312	-0.027994	15400	 $ 2,226,576,091.74 	 $ 2,164,245,518.04 	N	M
40985	Internet Content & Software	Media & Content	0	0.012658	1	 $ 103,818.58 	 $ 105,132.74 	Y	Low Risk
41223	Retail	Other Enterprise	0	0	0	 $ -   	 $ -   	N	0
41690	Healthcare	Healthcare	0	5.097284	25	 $ 1,971,238.89 	 $ 12,019,203.34 	N	High Risk
41795	Manufacturing	Energy & Manufacturing	-0.04918	0.006061	18300	 $ 7,480,851,587.55 	 $ 7,526,190,082.02 	N	Low Risk
41991	Consulting / Other Professional Services	Professional Services	0	0	3	 $ 249,690.26 	 $ 249,690.26 	Y	High Risk
42010	Reseller	Telecommunications	0	0	0	 $ -   	 $ 943,846.26 	N	High Risk
42094	RLEC	Telecommunications	0	1.97408	70	 $ 13,010,176.67 	 $ 38,693,306.24 	Y	Low Risk
42130	Finance	Finance	0	0.022727	6	 $ 578,230.07 	 $ 591,371.67 	Y	Low Risk
42157	National Carrier/ISP	Telecommunications	0	0	51	 $ 20,238,052.60 	 $ 20,238,052.60 	Y	Low Risk
42274	State/Local Government	Government	-0.995058	0	11735	 $ -   	 $ -   	N	Low Risk
42296	Internet Content & Software	Media & Content	0	0	6	 $ 101,190.26 	 $ 101,190.26 	Y	Low Risk
42510	Engineering	Professional Services	0.15625	0.14803	64	 $ 21,307,076.48 	 $ 24,461,155.95 	Y	Low Risk
42744	Colo/Hosting	Data Center & Cloud Services	0	0	2	 $ 197,123.89 	 $ 197,123.89 	Y	M
42978	Transportation	Other Enterprise	0	0	0	 $ -   	 $ -   	N	M
43118	RLEC	Telecommunications	0	0.063134	200	 $ 78,780,380.88 	 $ 83,754,086.01 	Y	Low Risk
43124	Higher Education	Research & Education	0	0	2600	 $ -   	 $ 272,720,298.55 	N	Low Risk
43155	Internet Content & Software	Media & Content	0	0.113636	6	 $ 578,230.07 	 $ 643,938.04 	Y	Low Risk
43158	Cloud Service Provider	Data Center & Cloud Services	0	0.047497	100	 $ 15,375,663.34 	 $ 16,105,957.41 	N	Low Risk
43271	Internet Content & Software	Media & Content	0.09375	0.104856	1920	 $ 646,980,316.09 	 $ 714,819,845.41 	N	Low Risk
43380	Commercial Systems Integrator	Professional Services	0	0	6	 $ 949,851.97 	 $ 949,851.97 	Y	Low Risk
43576	Retail	Other Enterprise	0	2.541328	600	 $ 20,238,052.60 	 $ 71,669,582.09 	N	Low Risk
43626	Consulting / Other Professional Services	Professional Services	0	0.880537	40	 $ 7,359,291.86 	 $ 13,839,417.74 	Y	Low Risk
43888	Consulting / Other Professional Services	Professional Services	0	1.917005	200	 $ 32,065,485.94 	 $ 93,535,182.83 	Y	Low Risk
44017	Higher Education	Research & Education	0	0	2500	 $ -   	 $ 449,281,365.45 	N	Low Risk
44097	Telecommunications Equipment Provider	Other Enterprise	-0.162455	-0.175815	277	 $ 134,140,178.15 	 $ 110,556,276.07 	Y	Low Risk
44344	Regional Carrier/ISP	Telecommunications	0	0.011364	12	 $ 1,156,460.15 	 $ 1,169,601.74 	Y	High Risk
44952	Higher Education	Research & Education	0	1.307087	100	 $ 16,821,238.53 	 $ 38,808,053.37 	Y	Low Risk
45199	Regional Carrier/ISP	Telecommunications	0	1.286207	20	 $ 3,416,814.08 	 $ 7,811,542.68 	Y	Low Risk
45246	Reseller	Telecommunications	0	0	28	 $ 6,570,796.30 	 $ 6,570,796.30 	N	High Risk
45308	Higher Education	Research & Education	0	0	0	 $ -   	 $ -   	N	Low Risk
45346	Commercial Systems Integrator	Professional Services	0	0.021277	4	 $ 617,654.85 	 $ 630,796.44 	Y	High Risk
45348	Wireless	Telecommunications	0	1.330404	10	 $ 1,248,451.30 	 $ 2,909,396.16 	N	Low Risk
45474	Regional Carrier/ISP	Telecommunications	0	0.999391	18	 $ 2,365,486.67 	 $ 4,729,531.70 	Y	Low Risk
45485	Internet Content & Software	Media & Content	0	0.303571	6	 $ 735,929.19 	 $ 959,336.26 	Y	High Risk
45642	Non-Healthcare Insurance	Other Enterprise	0	0.025	5	 $ 525,663.70 	 $ 538,805.30 	Y	Low Risk
45648	State/Local Government	Government	0	0	75	 $ -   	 $ -   	N	0
45977	Internet Content & Software	Media & Content	0	0	2	 $ 170,840.70 	 $ 170,840.70 	Y	Low Risk
46052	Colo/Hosting	Data Center & Cloud Services	0	0.1	2	 $ 131,415.93 	 $ 144,557.52 	Y	Low Risk
46348	RLEC	Telecommunications	0	2.436127	53	 $ 8,673,451.12 	 $ 29,803,076.67 	Y	Low Risk
46421	Regional Carrier/ISP	Telecommunications	0	0	3	 $ 315,398.22 	 $ 315,398.22 	Y	Low Risk
46530	Healthcare	Healthcare	0	-0.708929	1700	 $ 148,368,580.45 	 $ 43,185,746.53 	N	High Risk
46652	Internet Content & Software	Media & Content	0	0.943692	4	 $ 486,238.93 	 $ 945,098.66 	Y	Low Risk
46884	Legal	Professional Services	0	0.315939	41	 $ 5,782,300.74 	 $ 7,609,155.58 	Y	Low Risk
47118	Consulting / Other Professional Services	Professional Services	0	0	0	 $ -   	 $ -   	0	Low Risk
47153	Consulting / Other Professional Services	Professional Services	0	0.567091	200	 $ 29,174,335.57 	 $ 45,718,838.44 	Y	Low Risk
47192	Non-Healthcare Insurance	Other Enterprise	0	0.924582	42	 $ 6,045,132.60 	 $ 11,634,354.43 	Y	Low Risk
47246	Consulting / Other Professional Services	Professional Services	0	0	32	 $ -   	 $ 1,549,137.51 	N	0
47277	Regional Carrier/ISP	Telecommunications	0	-0.058824	3	 $ 223,407.07 	 $ 210,265.48 	Y	Low Risk
47299	Internet Content & Software	Media & Content	0	0	130	 $ -   	 $ -   	0	0
47476	Consulting / Other Professional Services	Professional Services	0	0	3	 $ 262,831.85 	 $ 262,831.85 	Y	M
47571	Cloud Service Provider	Data Center & Cloud Services	0	0	0	 $ -   	 $ -   	N	0
47768	Regional Carrier/ISP	Telecommunications	0	0	20	 $ 3,153,982.22 	 $ 3,153,982.22 	Y	High Risk
47824	Finance	Finance	0	0.652381	44	 $ 9,199,114.82 	 $ 15,200,441.23 	Y	Low Risk
47956	Retail	Other Enterprise	0	0.526701	40	 $ 6,702,212.23 	 $ 10,232,276.60 	Y	High Risk
48041	Colo/Hosting	Data Center & Cloud Services	0	1.728324	67	 $ 12,090,265.19 	 $ 32,986,158.32 	Y	Low Risk
48127	Regional Carrier/ISP	Telecommunications	0	0	2	 $ 170,840.70 	 $ 170,840.70 	Y	0
48130	Colo/Hosting	Data Center & Cloud Services	-0.153846	-0.123624	13	 $ 2,079,546.64 	 $ 1,327,300.85 	0	0
48158	Reseller	Telecommunications	0	0	5	 $ 420,530.96 	 $ 420,530.96 	Y	0
48253	Colo/Hosting	Data Center & Cloud Services	0	0.791126	15	 $ 2,365,486.67 	 $ 4,236,883.62 	Y	Low Risk
48593	Internet Content & Software	Media & Content	0	0	26	 $ 454,927.77 	 $ 18,270,208.19 	0	0
48603	Healthcare	Healthcare	0	0.346147	30	 $ 5,256,637.04 	 $ 7,076,206.18 	Y	High Risk
49227	Internet Content & Software	Media & Content	0	0	0	 $ -   	 $ -   	N	0
49415	Real Estate / Construction	Other Enterprise	0	0.044444	1	 $ 118,274.33 	 $ 123,530.97 	Y	M
49418	Regional Carrier/ISP	Telecommunications	0	0.0125	8	 $ 1,051,327.41 	 $ 1,064,469.00 	Y	M
49461	Manufacturing	Energy & Manufacturing	0	0.746561	26	 $ 3,057,411.23 	 $ 5,339,956.05 	N	Low Risk
49529	Media	Media & Content	0	0.780208	33	 $ 3,942,477.78 	 $ 7,018,429.17 	Y	High Risk
49612	Utilities	Energy & Manufacturing	0	0	1	 $ 57,823.01 	 $ 57,823.01 	Y	0
49789	Finance	Finance	0	0.860111	50	 $ 7,096,460.00 	 $ 13,200,201.47 	N	Low Risk
49893	Internet Content & Software	Media & Content	0	0	2	 $ 164,269.91 	 $ 164,269.91 	Y	Low Risk
50558	Colo/Hosting	Data Center & Cloud Services	0.166667	0	6	 $ -   	 $ -   	0	0
50714	Manufacturing	Energy & Manufacturing	0	0.674219	416	 $ 44,155,751.14 	 $ 73,926,402.24 	N	Low Risk
50883	Manufacturing	Energy & Manufacturing	0	0	11	 $ 2,365,486.67 	 $ 2,365,486.67 	Y	Low Risk
50887	Internet Content & Software	Media & Content	0.307692	0.022537	1300	 $ 317,504,819.69 	 $ 324,660,416.86 	N	Low Risk
51030	Engineering	Professional Services	0	0	21	 $ 11,065,528.48 	 $ 11,065,528.48 	N	Low Risk
51104	Commercial Systems Integrator	Professional Services	0	0	0	 $ -   	 $ 106,324.68 	N	High Risk
51325	State/Local Government	Government	0	0	35	 $ 5,048,829.04 	 $ 5,048,829.04 	Y	Low Risk
51386	Consulting / Other Professional Services	Professional Services	0	-0.04	4	 $ 328,539.82 	 $ 315,398.22 	Y	M
51451	Regional Carrier/ISP	Telecommunications	#N/A	#N/A	#N/A	 #N/A 	 #N/A 	#N/A	#N/A
51654	Media	Media & Content	0	0.196329	55	 $ 9,987,610.38 	 $ 11,948,464.78 	Y	Low Risk
51721	Internet Content & Software	Media & Content	0	0.256709	230	 $ 30,225,662.98 	 $ 37,984,869.27 	N	Low Risk
51810	Real Estate / Construction	Other Enterprise	0	0	0	 $ -   	 $ 1,832,288.89 	Y	High Risk
51851	Healthcare	Healthcare	25.333333	0	3	 $ 115,677,206.45 	 $ 115,677,206.45 	N	Low Risk
51987	Higher Education	Research & Education	0	0	3000	 $ -   	 $ 123,255,015.39 	N	Low Risk
52017	Regional Carrier/ISP	Telecommunications	0	1.686531	30	 $ 4,993,805.19 	 $ 13,416,010.08 	Y	High Risk
52082	Internet Content & Software	Media & Content	0	0.071429	3	 $ 183,982.30 	 $ 197,123.89 	Y	Low Risk
52122	Internet Content & Software	Media & Content	0	0	2	 $ 144,557.52 	 $ 144,557.52 	Y	0
52454	Finance	Finance	0	0	2	 $ 144,557.52 	 $ 144,557.52 	Y	0
52657	Consulting / Other Professional Services	Professional Services	0	0.015873	1	 $ 82,792.03 	 $ 84,106.19 	Y	Low Risk
53104	Colo/Hosting	Data Center & Cloud Services	0	0.125	3	 $ 210,265.48 	 $ 236,548.67 	Y	Low Risk
53152	Media	Media & Content	0	-0.609094	100	 $ 17,478,318.16 	 $ 6,832,383.64 	N	High Risk
53231	Media	Media & Content	0	0	0	 $ -   	 $ 134,580.42 	N	High Risk
53372	Consulting / Other Professional Services	Professional Services	0	0.723747	40	 $ 5,913,716.67 	 $ 10,193,753.34 	Y	Low Risk
53524	Manufacturing	Energy & Manufacturing	0.003774	0.019043	53000	 $ 75,012,210,560.80 	 $ 76,440,701,676.42 	N	Low Risk
53638	Consulting / Other Professional Services	Professional Services	0	0.05	3	 $ 262,831.85 	 $ 275,973.44 	Y	Low Risk
53652	Media	Media & Content	0	0	2	 $ 131,415.93 	 $ 131,415.93 	Y	Low Risk
53879	Colo/Hosting	Data Center & Cloud Services	0	0	3	 $ 157,699.11 	 $ 157,699.11 	Y	M
53881	Finance	Finance	2.75	7.964042	4	 $ 525,663.70 	 $ 4,712,071.78 	Y	Low Risk
54292	Regional Carrier/ISP	Telecommunications	0	0.737861	22	 $ 2,496,902.59 	 $ 4,339,268.46 	Y	Low Risk
54306	Regional Carrier/ISP	Telecommunications	0	0	13	 $ 919,911.48 	 $ 919,911.48 	Y	High Risk
54409	Internet Content & Software	Media & Content	0	0	1	 $ 77,535.40 	 $ 77,535.40 	Y	0
54456	Regional Carrier/ISP	Telecommunications	0	0	1	 $ 236,548.67 	 $ 236,548.67 	N	Low Risk
54795	Consulting / Other Professional Services	Professional Services	0	0	0	 $ -   	 $ 959,760.73 	N	Low Risk
54814	Consulting / Other Professional Services	Professional Services	0.045455	-0.067055	220	 $ 49,675,220.03 	 $ 46,344,232.38 	N	Low Risk
54979	Finance	Finance	0	0.121128	1460	 $ 157,961,943.05 	 $ 177,095,551.24 	N	Low Risk
54995	Engineering	Professional Services	0	0.435553	25	 $ 2,891,150.37 	 $ 4,150,398.80 	N	High Risk
54996	Legal	Professional Services	0	0.4883	100	 $ 15,638,495.19 	 $ 23,274,769.77 	N	Low Risk
55135	Retail	Other Enterprise	0	0.133333	2	 $ 197,123.89 	 $ 223,407.07 	Y	Low Risk
55221	Internet Content & Software	Media & Content	0	0	4	 $ 341,681.41 	 $ 341,681.41 	Y	Low Risk
55287	Cable & Satellite	CATV/Satellite	0	1.180365	700	 $ 59,005,750.77 	 $ 128,654,048.16 	Y	High Risk
55355	Internet Content & Software	Media & Content	0	0.284062	29	 $ 4,205,309.63 	 $ 5,399,877.77 	Y	Low Risk
55448	Healthcare	Healthcare	-0.25	0	52	 $ 8,909,999.78 	 $ 8,909,999.78 	Y	Low Risk
55492	Finance	Finance	0	0	0	 $ -   	 $ 2,007,730.46 	N	Low Risk
55647	Media	Media & Content	0	0	1	 $ 76,221.24 	 $ 76,221.24 	Y	0
55732	Consulting / Other Professional Services	Professional Services	0	0.038462	6	 $ 341,681.41 	 $ 354,823.00 	Y	Low Risk
55784	Higher Education	Research & Education	0	0	7000	 $ -   	 $ 283,772,249.14 	N	Low Risk
55794	Internet Content & Software	Media & Content	0	1.494938	100	 $ 11,696,017.41 	 $ 29,180,843.29 	Y	High Risk
55853	K-12 Education	Research & Education	0	0	289	 $ 32,955,333.40 	 $ 32,955,333.40 	N	Low Risk
55873	Reseller	Telecommunications	#N/A	#N/A	#N/A	 #N/A 	 #N/A 	#N/A	#N/A
56160	Manufacturing	Energy & Manufacturing	0	0.631083	70	 $ 20,500,884.46 	 $ 33,438,635.18 	N	Low Risk
56447	Consulting / Other Professional Services	Professional Services	0.675026	0.25202	1954	 $ 808,598,250.20 	 $ 1,012,380,984.17 	N	Low Risk
56449	Cloud Service Provider	Data Center & Cloud Services	0	0	0	 $ -   	 $ 110,643.01 	N	M
56554	Finance	Finance	0	0	0	 $ -   	 $ -   	N	Low Risk
56565	Pharmaceuticals	Healthcare	0	0.409473	20	 $ 2,891,150.37 	 $ 4,074,998.91 	N	High Risk
56962	Media	Media & Content	0	0.025	25	 $ 5,256,637.04 	 $ 5,388,052.97 	Y	Low Risk
57240	Media	Media & Content	0	-0.337129	118	 $ 16,164,158.90 	 $ 10,714,755.72 	N	High Risk
57357	Engineering	Professional Services	0	0.934222	42	 $ 15,112,831.49 	 $ 29,231,572.46 	Y	Low Risk
57387	Colo/Hosting	Data Center & Cloud Services	0	0	2	 $ 131,415.93 	 $ 131,415.93 	Y	0
57578	State/Local Government	Government	0	0	0	 $ -   	 $ -   	N	Low Risk
57779	Internet Content & Software	Media & Content	0	0.041096	1	 $ 95,933.63 	 $ 99,876.10 	Y	Low Risk
58037	Internet Content & Software	Media & Content	4.142857	7.026171	7	 $ 1,103,893.78 	 $ 8,860,040.70 	Y	High Risk
58220	Healthcare	Healthcare	0	0.023412	127724	 $ 76,116,104,339.20 	 $ 77,898,104,295.76 	0	0
58295	Healthcare	Healthcare	0	0	0	 $ -   	 $ 6,805,829.74 	N	Low Risk
58472	Regional Carrier/ISP	Telecommunications	0	0	0	 $ -   	 $ 302,256.63 	Y	High Risk
58489	Regional Carrier/ISP	Telecommunications	0	0.013514	10	 $ 972,477.85 	 $ 985,619.45 	Y	Low Risk
58601	Regional Carrier/ISP	Telecommunications	0	1.822334	9	 $ 814,778.74 	 $ 2,299,577.64 	Y	M
58928	Consulting / Other Professional Services	Professional Services	0	0.075269	15	 $ 1,222,168.11 	 $ 1,314,159.26 	Y	High Risk
59153	Consulting / Other Professional Services	Professional Services	0	0.374311	32	 $ 4,468,141.48 	 $ 6,140,618.09 	Y	High Risk
59286	Non-Healthcare Insurance	Other Enterprise	0	0.050323	3400	 $ 3,012,027,110.01 	 $ 3,163,600,232.34 	N	Low Risk
59289	Consulting / Other Professional Services	Professional Services	0	0.03125	4	 $ 420,530.96 	 $ 433,672.56 	Y	Low Risk
59421	Engineering	Professional Services	0	0	0	 $ -   	 $ -   	N	0
59478	Regional Carrier/ISP	Telecommunications	0	1.531216	300	 $ 30,488,494.83 	 $ 77,172,973.56 	Y	Low Risk
59685	Media	Media & Content	0	0	2	 $ 157,699.11 	 $ 157,699.11 	Y	0
59871	Real Estate / Construction	Other Enterprise	0	0	1	 $ 69,650.44 	 $ 69,650.44 	Y	0
59909	Internet Content & Software	Media & Content	0	0	0	 $ -   	 $ -   	N	0
60029	Regional Carrier/ISP	Telecommunications	0	0	3	 $ 275,973.44 	 $ 275,973.44 	Y	0
60165	Reseller	Telecommunications	0	-0.011628	7	 $ 1,130,176.96 	 $ 1,117,035.37 	Y	Low Risk
60224	Finance	Finance	0	0.349852	130	 $ 29,305,751.50 	 $ 39,558,414.66 	N	Low Risk
60414	Retail	Other Enterprise	3	4.048571	3	 $ 183,982.30 	 $ 928,847.76 	Y	M
60436	Internet Content & Software	Media & Content	0	0.015625	10	 $ 841,061.93 	 $ 854,203.52 	Y	Low Risk
60437	Internet Content & Software	Media & Content	0	0	3	 $ 183,982.30 	 $ 183,982.30 	N	0
60443	Retail	Other Enterprise	0	0	30	 $ 10,963,788.90 	 $ 10,963,788.90 	N	Low Risk
60483	Cloud Service Provider	Data Center & Cloud Services	0	0	1	 $ 93,305.31 	 $ 93,305.31 	Y	0
60843	Higher Education	Research & Education	0	0	0	 $ -   	 $ 252,792.99 	N	Low Risk
61023	Media	Media & Content	0.021659	0.231241	6002	 $ 1,348,508,754.74 	 $ 1,660,339,034.75 	N	Low Risk
61037	Research	Research & Education	0	0	90	 $ -   	 $ 46,526,850.58 	N	Low Risk
61112	Consulting / Other Professional Services	Professional Services	-0.5	1.702703	40	 $ 4,862,389.26 	 $ 13,141,592.60 	N	0
61129	Internet Content & Software	Media & Content	0	0	5	 $ 407,389.37 	 $ 407,389.37 	Y	Low Risk
61470	Media	Media & Content	0	0	0	 $ -   	 $ -   	0	0
61518	K-12 Education	Research & Education	0.822917	1.620055	96	 $ 10,038,883.61 	 $ 26,302,428.43 	N	Low Risk
61621	Internet Content & Software	Media & Content	0	0.95884	10	 $ 1,314,159.26 	 $ 2,574,227.72 	Y	0
61781	Healthcare	Healthcare	0	0.009066	150	 $ 15,769,911.12 	 $ 15,912,887.71 	N	M
61847	Utilities	Energy & Manufacturing	0	1.992813	8300	 $ 1,279,334,039.61 	 $ 3,828,807,817.78 	N	Low Risk
61928	Health Insurance	Healthcare	0.046351	0.267316	7659	 $ 14,526,378,721.11 	 $ 18,409,513,011.41 	N	Low Risk
61973	Consulting / Other Professional Services	Professional Services	0	1.917286	42	 $ 7,096,460.00 	 $ 20,702,404.21 	Y	Low Risk
62577	Federal Government	Government	0	-0.018687	1400	 $ 166,372,562.32 	 $ 163,263,516.45 	N	Low Risk
62722	Finance	Finance	0	0	2	 $ 131,415.93 	 $ 131,415.93 	Y	0
62833	Finance	Finance	0	0.983618	4	 $ 446,814.15 	 $ 886,308.43 	N	Low Risk
63011	Consulting / Other Professional Services	Professional Services	0	0	2	 $ 144,557.52 	 $ 144,557.52 	Y	0
63093	Retail	Other Enterprise	0	0	1	 $ 74,907.08 	 $ 74,907.08 	Y	0
63162	Colo/Hosting	Data Center & Cloud Services	0	0.090909	1	 $ 144,557.52 	 $ 157,699.11 	Y	High Risk
63250	Healthcare	Healthcare	0	-0.132791	1329	 $ 91,859,732.27 	 $ 79,661,629.80 	N	Low Risk
63268	Colo/Hosting	Data Center & Cloud Services	0	-0.071143	1	 $ 159,985.75 	 $ 157,699.11 	0	Low Risk
63366	Consulting / Other Professional Services	Professional Services	0	0	3	 $ 302,256.63 	 $ 302,256.63 	Y	Low Risk
63436	Internet Content & Software	Media & Content	0	1.134787	11	 $ 933,053.07 	 $ 1,991,869.88 	Y	Low Risk
63475	Regional Carrier/ISP	Telecommunications	0	0.028571	10	 $ 919,911.48 	 $ 946,194.67 	Y	Low Risk
63503	Consulting / Other Professional Services	Professional Services	0	0	2	 $ 183,982.30 	 $ 183,982.30 	Y	Low Risk
63698	Consulting / Other Professional Services	Professional Services	0	0	0	 $ -   	 $ 1,343,734.41 	N	Low Risk
63791	Internet Content & Software	Media & Content	0	0	300	 $ 39,996,437.08 	 $ 39,424,777.80 	0	Low Risk
64115	Consulting / Other Professional Services	Professional Services	0	0	0	 $ -   	 $ -   	N	0
64127	Internet Content & Software	Media & Content	0	0	0	 $ -   	 $ 244,595.26 	N	Low Risk
64135	Engineering	Professional Services	0	0.815765	1310	 $ 166,241,146.39 	 $ 301,854,832.18 	N	Low Risk
64275			0	0	3	 $ 900,199.09 	 $ 900,199.09 	Y	0
64487	Internet Content & Software	Media & Content	0	1.072904	61	 $ 8,410,619.26 	 $ 17,434,408.15 	Y	High Risk
64515	Consulting / Other Professional Services	Professional Services	0	0	5	 $ 512,522.11 	 $ 512,522.11 	Y	High Risk
64620	Regional Carrier/ISP	Telecommunications	0	0.462671	45	 $ 11,433,185.56 	 $ 16,722,985.41 	Y	Low Risk
64882	Regional Carrier/ISP	Telecommunications	0	1.708766	100	 $ 18,529,645.57 	 $ 50,192,478.37 	Y	High Risk
64940	Consulting / Other Professional Services	Professional Services	0	0.649873	30	 $ 4,336,725.56 	 $ 7,155,046.54 	Y	Low Risk
65212	Finance	Finance	0	4.206161	509	 $ 76,352,653.01 	 $ 397,504,200.25 	N	Low Risk
65300	Colo/Hosting	Data Center & Cloud Services	0	0.031915	2	 $ 123,530.97 	 $ 127,473.45 	Y	Low Risk
65332	Finance	Finance	0	0.010753	8	 $ 1,222,168.11 	 $ 1,235,309.70 	Y	Low Risk
65383	Finance	Finance	0	0	30	 $ 5,125,221.11 	 $ 5,125,221.11 	Y	Low Risk
65738	Media	Media & Content	0	0	5	 $ 617,654.85 	 $ 617,654.85 	Y	Low Risk
65817	Internet Content & Software	Media & Content	0	0	0	 $ -   	 $ -   	0	Low Risk
66142	Regional Carrier/ISP	Telecommunications	0	1.7944	41	 $ 5,388,052.97 	 $ 15,056,372.58 	Y	Low Risk
66194	State/Local Government	Government	0	0.245863	90	 $ 17,346,902.23 	 $ 21,611,868.12 	Y	Low Risk
66281	Consulting / Other Professional Services	Professional Services	0	0.090909	10	 $ 1,445,575.19 	 $ 1,576,991.11 	Y	High Risk
66476	Research	Research & Education	-0.105	0.074266	20000	 $ 24,543,238,339.76 	 $ 26,365,977,233.38 	N	Low Risk
66609	Reseller	Telecommunications	0	0.642244	24	 $ 2,759,734.45 	 $ 4,532,158.12 	Y	Low Risk
66825	Healthcare	Healthcare	0	-0.299544	100	 $ 10,513,274.08 	 $ 7,364,081.97 	Y	High Risk
67015	Transportation	Other Enterprise	0	-0.654522	25000	 $ 6,359,085,243.21 	 $ 2,196,925,386.58 	N	Low Risk
67036	Retail	Other Enterprise	0	1.040694	50	 $ 5,913,716.67 	 $ 12,068,086.13 	Y	Low Risk
67078	Healthcare	Healthcare	0	0	9877	 $ 2,476,434,563.53 	 $ 2,476,434,563.53 	N	Low Risk
67183	Finance	Finance	0	0.630206	2847	 $ 282,018,577.20 	 $ 459,748,352.21 	N	Low Risk
67184	Healthcare	Healthcare	0	0.120554	800	 $ 104,737,369.42 	 $ 117,363,921.98 	N	Low Risk
67207	Regional Carrier/ISP	Telecommunications	0	0.042553	6	 $ 617,654.85 	 $ 643,938.04 	Y	M
67210	Finance	Finance	1	0.85	2	 $ 262,831.85 	 $ 486,238.93 	Y	0
67313	Regional Carrier/ISP	Telecommunications	0	0	1	 $ -   	 $ 54,559.95 	N	Low Risk
67373	Retail	Other Enterprise	0	0	226	 $ 69,650,440.78 	 $ 69,650,440.78 	N	Low Risk
67438	Colo/Hosting	Data Center & Cloud Services	0	-0.021136	42	 $ 6,570,796.30 	 $ 6,431,917.26 	Y	High Risk
67439	Consulting / Other Professional Services	Professional Services	0	1.672307	12	 $ 2,102,654.82 	 $ 5,618,938.92 	Y	Low Risk
67538	Media	Media & Content	0	2.679157	33	 $ 2,628,318.52 	 $ 9,669,996.48 	Y	Low Risk
67669	K-12 Education	Research & Education	0	0.922067	130	 $ 12,878,760.75 	 $ 24,753,838.93 	N	Low Risk
67683	Consulting / Other Professional Services	Professional Services	0	0	290	 $ 52,566,370.40 	 $ 52,566,370.40 	N	Low Risk
67734	Consulting / Other Professional Services	Professional Services	0	0	12	 $ 6,570,796.30 	 $ 6,570,796.30 	Y	Low Risk
67745	Legal	Professional Services	0	0.506729	40	 $ 6,045,132.60 	 $ 9,108,374.75 	Y	Low Risk
67857	Engineering	Professional Services	0	0	2	 $ 328,539.82 	 $ 328,539.82 	Y	Low Risk
68147	Wireless	Telecommunications	0	0	21	 $ 3,416,814.08 	 $ 3,416,814.08 	Y	High Risk
68182	Internet Content & Software	Media & Content	0	0.955755	38	 $ 4,205,309.63 	 $ 8,224,554.03 	Y	Low Risk
68186	Telecommunications Equipment Provider	Other Enterprise	0	0.030303	2	 $ 86,734.51 	 $ 89,362.83 	Y	M
68268	Higher Education	Research & Education	0	0	0	 $ -   	 $ -   	N	Low Risk
68439	Real Estate / Construction	Other Enterprise	0	0	5	 $ 407,389.37 	 $ 407,389.37 	Y	Low Risk
68499	Internet Content & Software	Media & Content	0	-0.037736	8	 $ 696,504.41 	 $ 670,221.22 	Y	Low Risk
68641	Internet Content & Software	Media & Content	0	0	0	 $ -   	 $ 272,554.00 	N	Low Risk
68772	Transportation	Other Enterprise	0	0	0	 $ -   	 $ -   	N	0
69198	Regional Carrier/ISP	Telecommunications	0	0	0	 $ -   	 $ 170,840.70 	Y	High Risk
69317	Higher Education	Research & Education	8	13.983519	2	 $ 210,265.48 	 $ 3,150,516.79 	N	High Risk
69427	Regional Carrier/ISP	Telecommunications	0	0.974849	42	 $ 8,542,035.19 	 $ 16,869,229.00 	Y	Low Risk
69559	Consulting / Other Professional Services	Professional Services	0	0	0	 $ -   	 $ 1,181,257.02 	Y	Low Risk
69592	Internet Content & Software	Media & Content	0	0.677476	3364	 $ 397,007,512.45 	 $ 665,970,749.26 	N	Low Risk
69632	Higher Education	Research & Education	0	0	650	 $ -   	 $ 306,195,820.87 	N	Low Risk
69935	State/Local Government	Government	0	0.333333	2	 $ 197,123.89 	 $ 262,831.85 	Y	High Risk
70105	Healthcare	Healthcare	0	-0.059285	10	 $ 3,789,338.80 	 $ 3,564,687.22 	N	Low Risk
70121	Internet Content & Software	Media & Content	-0.5	-0.462687	2	 $ 88,048.67 	 $ 47,309.73 	Y	Low Risk
70136	Colo/Hosting	Data Center & Cloud Services	0	0	0	 $ -   	 $ -   	N	Low Risk
70258	Colo/Hosting	Data Center & Cloud Services	0	0	2	 $ 102,504.42 	 $ 102,504.42 	Y	0
70287	Telecommunications Equipment Provider	Other Enterprise	0	0	5	 $ 657,079.63 	 $ 657,079.63 	Y	High Risk
70476	Wireless	Telecommunications	0	-0.447117	316	 $ 440,313,002.54 	 $ 243,441,432.12 	Y	Low Risk
70520	VOIP/VSP	Telecommunications	0	0	0	 $ -   	 $ 105,621.61 	N	M
70578	Consulting / Other Professional Services	Professional Services	0	0.66942	33	 $ 5,782,300.74 	 $ 9,653,089.82 	Y	Low Risk
70716	Internet Content & Software	Media & Content	0	-0.222894	25	 $ 2,496,902.59 	 $ 1,940,357.46 	N	High Risk
70936	State/Local Government	Government	0	1.278457	60	 $ 4,862,389.26 	 $ 11,078,743.67 	Y	Low Risk
71153	Regional Carrier/ISP	Telecommunications	0	0.019231	12	 $ 683,362.82 	 $ 696,504.41 	Y	Low Risk
71212	Healthcare	Healthcare	0.045795	0.845619	2271	 $ 133,124,333.04 	 $ 245,696,814.58 	N	Low Risk
71276	Internet Content & Software	Media & Content	0	0	1	 $ -   	 $ -   	Y	0
71552			0	1.720954	23	 $ 2,891,150.37 	 $ 7,866,686.12 	Y	Low Risk
71613	Telecommunications Equipment Provider	Other Enterprise	0	0	10	 $ 2,299,778.71 	 $ 2,299,778.71 	Y	Low Risk
71679	Regional Carrier/ISP	Telecommunications	0	1.412846	53	 $ 8,936,282.97 	 $ 21,561,872.25 	Y	M
71707	Internet Content & Software	Media & Content	0	0.095238	3	 $ 275,973.44 	 $ 302,256.63 	Y	High Risk
71893	Wireless	Telecommunications	0	1.84467	50	 $ 8,410,619.26 	 $ 23,925,434.99 	Y	High Risk
72027	Utilities	Energy & Manufacturing	0	-0.022867	80	 $ 65,138,366.95 	 $ 63,648,834.45 	N	Low Risk
72073	Internet Content & Software	Media & Content	0	-0.018519	8	 $ 709,646.00 	 $ 696,504.41 	Y	High Risk
72086	Regional Carrier/ISP	Telecommunications	0	0.011111	9	 $ 1,182,743.33 	 $ 1,195,884.93 	Y	Low Risk
72192	Internet Content & Software	Media & Content	0	0	2	 $ 157,699.11 	 $ 157,699.11 	Y	Low Risk
72221	Real Estate / Construction	Other Enterprise	0	0	8	 $ 722,787.59 	 $ 722,787.59 	Y	Low Risk
72243	Internet Content & Software	Media & Content	0	0	6	 $ 1,140,690.24 	 $ 1,140,690.24 	Y	High Risk
72333	Retail	Other Enterprise	0	0.616873	10	 $ 1,195,884.93 	 $ 1,933,593.48 	Y	Low Risk
72413	Higher Education	Research & Education	0	0	0	 $ -   	 $ -   	N	Low Risk
72451	Internet Content & Software	Media & Content	0	-0.064428	482	 $ 227,918,582.94 	 $ 213,234,167.37 	N	Low Risk
72535	Real Estate / Construction	Other Enterprise	0	4.583079	70	 $ 4,599,557.41 	 $ 25,679,690.41 	Y	Low Risk
72655	RLEC	Telecommunications	0	0	8	 $ 1,314,159.26 	 $ 1,314,159.26 	Y	Low Risk
72680	Regional Carrier/ISP	Telecommunications	0	0	28	 $ 828,246.25 	 $ 828,246.25 	Y	0
72746	Internet Content & Software	Media & Content	0.3	1.327631	50	 $ 7,753,539.63 	 $ 18,047,381.97 	N	M
72954	Consulting / Other Professional Services	Professional Services	#N/A	#N/A	#N/A	 #N/A 	 #N/A 	#N/A	#N/A
72992	Media	Media & Content	0	0	3	 $ 381,106.19 	 $ 381,106.19 	Y	0
73070	RLEC	Telecommunications	0	0.54335	35	 $ 7,096,460.00 	 $ 7,096,460.00 	Y	Low Risk
73071	Consulting / Other Professional Services	Professional Services	0	-0.058824	3	 $ 223,407.07 	 $ 210,265.48 	Y	Low Risk
73121	Wireless	Telecommunications	0	0	2	 $ 98,561.94 	 $ 98,561.94 	N	0
73195	Retail	Other Enterprise	0	0	3	 $ 236,548.67 	 $ 236,548.67 	Y	0
73334	Internet Content & Software	Media & Content	0	0	0	 $ -   	 $ -   	0	Low Risk
73402	Research	Research & Education	0	0	930	 $ -   	 $ 62,750,350.34 	N	High Risk
73562	Real Estate / Construction	Other Enterprise	0	0	0	 $ -   	 $ -   	N	0
73642	State/Local Government	Government	0	0.773513	1400	 $ 173,863,270.10 	 $ 308,348,723.88 	N	Low Risk
73933	Retail	Other Enterprise	0	0	0	 $ -   	 $ 281,042.16 	Y	M
73978	Transportation	Other Enterprise	0.058824	0.034192	28900	 $ 8,435,962,825.33 	 $ 8,724,406,327.15 	N	Low Risk
74047	Regional Carrier/ISP	Telecommunications	#N/A	#N/A	#N/A	 #N/A 	 #N/A 	#N/A	#N/A
74148	Regional Carrier/ISP	Telecommunications	0	0	0	 $ -   	 $ -   	N	0
74155	Colo/Hosting	Data Center & Cloud Services	0	0	15	 $ -   	 $ 2,588,318.14 	Y	High Risk
74214	Finance	Finance	0	0.507678	1000	 $ 48,361,060.77 	 $ 72,912,921.31 	N	Low Risk
74684	Finance	Finance	0	0.370704	15	 $ 2,628,318.52 	 $ 3,602,645.39 	Y	High Risk
74741	Regional Carrier/ISP	Telecommunications	0	3.089966	9	 $ 1,182,743.33 	 $ 4,837,379.50 	Y	Low Risk
74742	Healthcare	Healthcare	0	9.870429	380	 $ 4,829,681.15 	 $ 52,500,704.49 	N	High Risk
75108	Consulting / Other Professional Services	Professional Services	0	0	200	 $ 59,729,852.53 	 $ 59,729,852.53 	Y	Low Risk
75200	Consulting / Other Professional Services	Professional Services	1.5	3.474305	28	 $ 1,839,822.96 	 $ 8,231,929.09 	Y	Low Risk
75210	Internet Content & Software	Media & Content	0	0.018868	1	 $ 69,650.44 	 $ 70,964.60 	Y	Low Risk
75274	Consulting / Other Professional Services	Professional Services	0	0	9	 $ 29,756.51 	 $ 29,756.51 	N	M
75328	Telecommunications Equipment Provider	Other Enterprise	0	1.65662	787	 $ 138,380,970.08 	 $ 367,625,630.39 	N	M
75333	Finance	Finance	0	0	18	 $ 3,022,566.30 	 $ 3,022,566.30 	Y	Low Risk
75340	Consulting / Other Professional Services	Professional Services	1.5	7.498174	6	 $ 407,389.37 	 $ 3,462,065.84 	Y	Low Risk
75362	Media	Media & Content	0	-0.083333	4	 $ 315,398.22 	 $ 289,115.04 	Y	M
75494	Internet Content & Software	Media & Content	0	0	23	 $ 1,162,369.92 	 $ 1,162,369.92 	Y	High Risk
75527	Consulting / Other Professional Services	Professional Services	0	13.759961	15	 $ 2,365,486.67 	 $ 34,914,491.23 	Y	Low Risk
75612	Internet Content & Software	Media & Content	0	0	5	 $ 420,530.96 	 $ 420,530.96 	Y	0
75637	Consulting / Other Professional Services	Professional Services	0	0	0	 $ -   	 $ 648,475.83 	N	0
75695	Internet Content & Software	Media & Content	0	0	1	 $ 70,964.60 	 $ 70,964.60 	Y	0
75854	Manufacturing	Energy & Manufacturing	0	0.100344	98	 $ 22,603,539.27 	 $ 24,871,665.14 	N	Low Risk
76014	Real Estate / Construction	Other Enterprise	0	1.873978	60	 $ 10,119,026.30 	 $ 29,081,863.44 	Y	Low Risk
76154	Internet Content & Software	Media & Content	0	0.282918	250	 $ 73,592,918.56 	 $ 94,413,683.84 	N	Low Risk
76157	Internet Content & Software	Media & Content	0	0.75992	60	 $ 7,359,291.86 	 $ 12,951,764.92 	Y	High Risk
76423	Internet Content & Software	Media & Content	0	0.0625	3	 $ 210,265.48 	 $ 223,407.07 	Y	Low Risk
76424	Internet Content & Software	Media & Content	0	0	2	 $ 144,557.52 	 $ 144,557.52 	Y	M
76672	Consulting / Other Professional Services	Professional Services	0	0	7	 $ 630,796.44 	 $ 630,796.44 	Y	0
76694	Regional Carrier/ISP	Telecommunications	0	0	2	 $ 197,123.89 	 $ 197,123.89 	Y	0
76995	Wireless	Telecommunications	0	1.981217	15	 $ 1,301,017.67 	 $ 3,878,616.21 	Y	Low Risk
77072	Consulting / Other Professional Services	Professional Services	0	0	0	 $ -   	 $ -   	N	Low Risk
77231	Finance	Finance	0	0	4	 $ 315,398.22 	 $ 315,398.22 	Y	Low Risk
77255	Internet Content & Software	Media & Content	0	1.571739	65	 $ 10,250,442.23 	 $ 26,361,461.78 	Y	Low Risk
77294	Legal	Professional Services	0	0.240244	279	 $ 42,447,344.10 	 $ 52,645,043.86 	N	M
77380	Media	Media & Content	0	0.046875	5	 $ 841,061.93 	 $ 880,486.70 	Y	Low Risk
77467	Internet Content & Software	Media & Content	0	0.417976	25	 $ 2,891,150.37 	 $ 4,099,581.58 	Y	Low Risk
77505	Oil & Gas	Energy & Manufacturing	0	2.537367	45	 $ 6,176,548.52 	 $ 21,848,717.73 	Y	Low Risk
77574	Real Estate / Construction	Other Enterprise	0	0	1	 $ 157,699.11 	 $ 157,699.11 	Y	0
77591	Real Estate / Construction	Other Enterprise	0	1.900057	199	 $ 15,507,079.27 	 $ 44,971,416.93 	N	Low Risk
77720	Consulting / Other Professional Services	Professional Services	0	3.247234	34	 $ 3,942,477.78 	 $ 16,744,626.99 	Y	Low Risk
77872	Consulting / Other Professional Services	Professional Services	0	-1	3	 $ 170,840.70 	 $ -   	N	Low Risk
77944	Healthcare	Healthcare	0	1.981054	300	 $ 31,671,238.17 	 $ 94,413,683.84 	N	Low Risk
77953	Retail	Other Enterprise	0	0	3	 $ 821,349.54 	 $ 821,349.54 	Y	Low Risk
78013	Non-Healthcare Insurance	Other Enterprise	0	0.277968	181	 $ 15,638,495.19 	 $ 19,985,493.53 	N	Low Risk
78123	Finance	Finance	0	0	2	 $ 130,101.77 	 $ 130,101.77 	Y	0
78216	Consulting / Other Professional Services	Professional Services	0	0	140	 $ 20,318,601.37 	 $ 20,318,601.37 	Y	High Risk
78270	Commercial Systems Integrator	Professional Services	0	0	0	 $ -   	 $ -   	N	0
78399	Regional Carrier/ISP	Telecommunications	3.875	7.370102	8	 $ 1,077,610.59 	 $ 9,019,711.05 	Y	Low Risk
78483	Utilities	Energy & Manufacturing	0	0.105798	4303	 $ 5,938,685,695.94 	 $ 6,566,985,238.15 	N	Low Risk
78609	Consulting / Other Professional Services	Professional Services	-0.011745	-0.197715	596	 $ 133,918,085.23 	 $ 107,440,404.46 	N	Low Risk
78610	Cable & Satellite	CATV/Satellite	0	-0.75435	50	 $ 14,455,751.86 	 $ 3,551,055.44 	Y	High Risk
78619	Consulting / Other Professional Services	Professional Services	0	0.63578	53	 $ 8,279,203.34 	 $ 13,542,957.86 	Y	M
78809	Colo/Hosting	Data Center & Cloud Services	0	0	3	 $ 262,831.85 	 $ 262,831.85 	Y	M
78915	Reseller	Telecommunications	0	0.023256	2	 $ 113,017.70 	 $ 115,646.01 	Y	Low Risk
78947	Healthcare	Healthcare	0	0.435767	30	 $ 4,205,309.63 	 $ 6,037,846.90 	N	Low Risk
78959	Finance	Finance	0	0	3	 $ 1,044,756.61 	 $ 1,044,756.61 	Y	0
79051	Utilities	Energy & Manufacturing	0.216667	0.018461	300	 $ 147,894,530.35 	 $ 150,624,872.31 	N	Low Risk
79088	Colo/Hosting	Data Center & Cloud Services	0	0.026316	4	 $ 499,380.52 	 $ 512,522.11 	Y	Low Risk
79218	Consulting / Other Professional Services	Professional Services	-0.122862	-0.006774	1286	 $ 476,108,072.46 	 $ 472,883,125.64 	N	Low Risk
79266	K-12 Education	Research & Education	0	0	234	 $ -   	 $ -   	N	Low Risk
79312	Colo/Hosting	Data Center & Cloud Services	0	0	0	 $ -   	 $ -   	N	Low Risk
79345	Consulting / Other Professional Services	Professional Services	0	0	0	 $ -   	 $ -   	0	Low Risk
79526	Internet Content & Software	Media & Content	0	0	1	 $ 170,840.70 	 $ 170,840.70 	Y	Low Risk
79898	Hospitality	Other Enterprise	0	2.38283	66	 $ 11,170,353.71 	 $ 37,787,405.01 	Y	Low Risk
79906	Internet Content & Software	Media & Content	0	4.548962	650	 $ 46,126,990.03 	 $ 255,956,929.02 	Y	Low Risk
79932	Internet Content & Software	Media & Content	0	0	8	 $ 762,212.37 	 $ 762,212.37 	Y	High Risk
79948	Media	Media & Content	0	1.309389	65	 $ 7,227,875.93 	 $ 16,691,973.88 	N	High Risk
79953	Reseller	Telecommunications	0	0.057143	3	 $ 466,625.10 	 $ 486,238.93 	0	Low Risk
80147	Media	Media & Content	0	-0.157895	3	 $ 249,690.26 	 $ 210,265.48 	Y	Low Risk
80327	Consulting / Other Professional Services	Professional Services	0	0	0	 $ -   	 $ -   	0	High Risk
80463	Manufacturing	Energy & Manufacturing	0	0.578561	17	 $ 3,022,566.30 	 $ 4,771,304.88 	N	High Risk
80492	Internet Content & Software	Media & Content	0	0	0	 $ -   	 $ 7,963,100.73 	Y	High Risk
80548	Healthcare	Healthcare	0	0	65	 $ 4,073,893.71 	 $ 4,073,893.71 	Y	High Risk
80581	Consulting / Other Professional Services	Professional Services	0.818182	7.500426	22	 $ 1,971,238.89 	 $ 16,756,370.31 	Y	Low Risk
80944	Regional Carrier/ISP	Telecommunications	0	0	0	 $ -   	 $ -   	N	0
81504	Regional Carrier/ISP	Telecommunications	0.2	0	25	 $ 3,285,398.15 	 $ 3,285,398.15 	Y	Low Risk
81647	VOIP/VSP	Telecommunications	0	0	1	 $ 69,650.44 	 $ 69,650.44 	Y	M
81677	Internet Content & Software	Media & Content	0	0.043478	3	 $ 302,256.63 	 $ 315,398.22 	Y	High Risk
81711	State/Local Government	Government	0	0	0	 $ -   	 $ -   	N	Low Risk
81736	Wireless	Telecommunications	0	0	2	 $ 131,415.93 	 $ 131,415.93 	Y	0
81943	Healthcare	Healthcare	#N/A	#N/A	#N/A	 #N/A 	 #N/A 	#N/A	#N/A
82117	Internet Content & Software	Media & Content	0	-0.256123	21	 $ 3,153,982.22 	 $ 2,346,173.78 	N	High Risk
82286	Internet Content & Software	Media & Content	0	1.864566	40	 $ 6,965,044.08 	 $ 19,951,827.40 	Y	Low Risk
82421	Consulting / Other Professional Services	Professional Services	#N/A	#N/A	#N/A	 #N/A 	 #N/A 	#N/A	#N/A
82668	Finance	Finance	0	0.034483	4	 $ 381,106.19 	 $ 394,247.78 	Y	Low Risk
82701	Regional Carrier/ISP	Telecommunications	0	0	8	 $ 959,336.26 	 $ 959,336.26 	Y	0
82827	High Frequency Trading	Finance	0	0	0	 $ -   	 $ -   	N	0
82891	Cable & Satellite	CATV/Satellite	0	1.878035	11	 $ 1,445,575.19 	 $ 4,160,416.64 	Y	Low Risk
82896	Internet Content & Software	Media & Content	0	0	10	 $ 1,287,876.07 	 $ 1,287,876.07 	Y	Low Risk
83450	Internet Content & Software	Media & Content	0	0	0	 $ -   	 $ -   	N	0
83549	Internet Content & Software	Media & Content	2.3	8.035387	30	 $ 3,679,645.93 	 $ 33,247,024.19 	Y	Low Risk
83590	Finance	Finance	0	0.647071	50	 $ 3,679,645.93 	 $ 6,060,639.68 	Y	Low Risk
83705	Manufacturing	Energy & Manufacturing	0	0.044088	31000	 $ 11,061,541,323.27 	 $ 11,549,225,824.66 	N	Low Risk
83740	Internet Content & Software	Media & Content	0	0	0	 $ -   	 $ -   	0	High Risk
83874	State/Local Government	Government	0	0	390	 $ -   	 $ -   	N	Low Risk
84154	Consulting / Other Professional Services	Professional Services	0	0.495596	54	 $ 12,250,031.48 	 $ 18,321,092.43 	N	Low Risk
84188	Consulting / Other Professional Services	Professional Services	0	0.086793	3300	 $ 1,632,930,929.22 	 $ 1,774,657,748.77 	N	Low Risk
84333	Consulting / Other Professional Services	Professional Services	0	0	0	 $ -   	 $ 640,715.72 	N	0
84540	Finance	Finance	0	0.025641	4	 $ 512,522.11 	 $ 525,663.70 	Y	Low Risk
84580	Federal Government	Government	0	0	8	 $ 604,513.26 	 $ 604,513.26 	Y	High Risk
84804	Utilities	Energy & Manufacturing	1.162011	0.230762	716	 $ 503,927,509.84 	 $ 620,214,834.44 	N	Low Risk
84892	Retail	Other Enterprise	0	-0.49251	240	 $ 26,546,017.05 	 $ 13,471,831.62 	N	Low Risk
85019	Consulting / Other Professional Services	Professional Services	0	0	99	 $ -   	 $ -   	N	M
85231	VOIP/VSP	Telecommunications	0	0	0	 $ -   	 $ 157,185.27 	N	Low Risk
85354	Finance	Finance	0.014778	0.083814	10150	 $ 5,894,565,427.10 	 $ 6,388,613,087.63 	N	Low Risk
85505	Internet Content & Software	Media & Content	0	0.014925	8	 $ 880,486.70 	 $ 893,628.30 	Y	Low Risk
85518	Cloud Service Provider	Data Center & Cloud Services	0	0.812409	15	 $ 2,234,070.74 	 $ 4,049,050.84 	Y	Low Risk
85814	Utilities	Energy & Manufacturing	0	0.093048	2311	 $ 2,457,477,816.20 	 $ 2,686,141,527.44 	N	Low Risk
85883	State/Local Government	Government	0	0	620	 $ -   	 $ -   	N	Low Risk
86058	Regional Carrier/ISP	Telecommunications	0	0	2	 $ 131,415.93 	 $ 131,415.93 	Y	0
86168	Retail	Other Enterprise	0	0	0	 $ -   	 $ 946,194.67 	Y	Low Risk
86328	Manufacturing	Energy & Manufacturing	0	0	0	 $ -   	 $ -   	N	Low Risk
86379	Media	Media & Content	0	1.783353	152	 $ 33,379,645.20 	 $ 92,907,344.55 	N	Low Risk
86513	Consulting / Other Professional Services	Professional Services	0	0	0	 $ -   	 $ -   	N	0
86707	Consulting / Other Professional Services	Professional Services	0	-0.021277	6	 $ 617,654.85 	 $ 604,513.26 	Y	High Risk
86777	Higher Education	Research & Education	0	-0.011959	1200	 $ -   	 $ 487,814,603.15 	N	Low Risk
86980	Legal	Professional Services	0	2.183963	350	 $ 22,472,123.35 	 $ 71,550,419.38 	N	Low Risk
87219	Media	Media & Content	0	0.053203	2200	 $ 3,325,886,082.64 	 $ 3,502,833,684.52 	N	Low Risk
87361	Internet Content & Software	Media & Content	0	0.052632	3	 $ 249,690.26 	 $ 262,831.85 	Y	High Risk
87381	Finance	Finance	0	-0.021795	165	 $ 29,305,751.50 	 $ 28,667,043.81 	N	Low Risk
87427	Real Estate / Construction	Other Enterprise	0	8.035386	300	 $ 34,825,220.39 	 $ 314,659,304.82 	Y	Low Risk
87495	Finance	Finance	0	0.641304	75	 $ 9,987,610.38 	 $ 16,392,709.59 	Y	Low Risk
87535	Higher Education	Research & Education	0	0	0	 $ -   	 $ -   	N	Low Risk
87619	Reseller	Telecommunications	1.195122	-0.567965	82	 $ 12,615,928.90 	 $ 5,450,521.53 	N	Low Risk
87634	Colo/Hosting	Data Center & Cloud Services	0	0.181818	2	 $ 144,557.52 	 $ 170,840.70 	Y	Low Risk
87724	Consulting / Other Professional Services	Professional Services	0	0	25	 $ 7,737,857.77 	 $ 7,737,857.77 	Y	Low Risk
87761	Engineering	Professional Services	0	0.916665	900	 $ 116,040,262.66 	 $ 222,410,252.86 	N	Low Risk
87892	K-12 Education	Research & Education	0	0.178384	175	 $ 25,805,573.73 	 $ 30,408,877.81 	N	Low Risk
87962	Finance	Finance	0	0	5	 $ 394,247.78 	 $ 394,247.78 	Y	High Risk
88115	Colo/Hosting	Data Center & Cloud Services	0	0	8	 $ 2,628,318.52 	 $ 2,628,318.52 	Y	Low Risk
88176	Consulting / Other Professional Services	Professional Services	0	0	8	 $ 1,169,601.74 	 $ 1,169,601.74 	Y	0
88625	Consulting / Other Professional Services	Professional Services	0	0.024268	150	 $ 20,500,884.46 	 $ 20,998,404.13 	N	M
88726	Consulting / Other Professional Services	Professional Services	0	0	15	 $ 2,234,070.74 	 $ 2,234,070.74 	Y	Low Risk
89020	Consulting / Other Professional Services	Professional Services	0	-0.391036	50	 $ 8,542,035.19 	 $ 5,201,790.60 	Y	Low Risk
89194	Finance	Finance	0	0.025641	10	 $ 1,025,044.22 	 $ 1,051,327.41 	Y	Low Risk
89553	Colo/Hosting	Data Center & Cloud Services	0	0	5	 $ 735,929.19 	 $ 735,929.19 	Y	High Risk
89692	Oil & Gas	Energy & Manufacturing	0	0	0	 $ -   	 $ -   	0	M
89926	Consulting / Other Professional Services	Professional Services	0	0	0	 $ -   	 $ -   	N	Low Risk
90226	Consulting / Other Professional Services	Professional Services	0	-0.029412	3	 $ 446,814.15 	 $ 433,672.56 	Y	High Risk
90227	Internet Content & Software	Media & Content	0	0.888806	110	 $ 27,728,760.39 	 $ 52,374,236.37 	N	Low Risk
90229	Reseller	Telecommunications	#N/A	#N/A	#N/A	 #N/A 	 #N/A 	#N/A	#N/A
90274	Regional Carrier/ISP	Telecommunications	0	0	0	 $ -   	 $ 711,033.75 	N	Low Risk
90328	Consulting / Other Professional Services	Professional Services	#N/A	#N/A	#N/A	 #N/A 	 #N/A 	#N/A	#N/A
90401	Cloud Service Provider	Data Center & Cloud Services	0	0	0	 $ -   	 $ -   	N	M
90410	Engineering	Professional Services	0	0.042572	1	 $ 51,517,036.57 	 $ 53,710,206.73 	N	Low Risk
90517	Manufacturing	Energy & Manufacturing	0	0	0	 $ -   	 $ 21,026,548,160.00 	N	Low Risk
90659			0	0	18	 $ 1,314,159.26 	 $ 1,314,159.26 	Y	Low Risk
90834	Retail	Other Enterprise	0	0	0	 $ -   	 $ 60,451.33 	Y	Low Risk
91174	Consulting / Other Professional Services	Professional Services	3.333333	2.418413	3	 $ 210,265.48 	 $ 718,774.15 	N	Low Risk
91196	Finance	Finance	0	0.020619	15	 $ 1,274,734.48 	 $ 1,301,017.67 	Y	Low Risk
91397			0	12.701054	300	 $ 20,895,132.23 	 $ 286,285,332.97 	Y	Low Risk
91480	Consulting / Other Professional Services	Professional Services	0	0	2	 $ 157,699.11 	 $ 157,699.11 	Y	Low Risk
91520	State/Local Government	Government	0	0	0	 $ -   	 $ -   	N	High Risk
91615	Oil & Gas	Energy & Manufacturing	0	0	1	 $ 144,557.52 	 $ 144,557.52 	Y	M
91838	Regional Carrier/ISP	Telecommunications	0	0	8	 $ 1,314,157.95 	 $ 1,314,157.95 	Y	0
91949	PTT	Telecommunications	0	1.373116	40	 $ 2,365,486.67 	 $ 5,613,573.21 	N	Low Risk
92157	Healthcare	Healthcare	0	0.012742	4500	 $ 127,736,280.07 	 $ 129,363,918.88 	N	M
92288	Media	Media & Content	#N/A	#N/A	#N/A	 #N/A 	 #N/A 	#N/A	#N/A
92307	Consulting / Other Professional Services	Professional Services	0	0	0	 $ -   	 $ 636,329.06 	N	0
92371	Internet Content & Software	Media & Content	0	-0.292205	349	 $ 210,437,636.46 	 $ 148,946,810.53 	N	M
92534	Consulting / Other Professional Services	Professional Services	0	0.066667	2	 $ 197,123.89 	 $ 210,265.48 	Y	M
93033	Internet Content & Software	Media & Content	0	0	0	 $ -   	 $ -   	0	Low Risk
93325	Finance	Finance	0	2.062889	450	 $ 48,229,644.84 	 $ 147,722,056.15 	N	Low Risk
93392	Reseller	Telecommunications	0	-0.288225	72	 $ 9,593,362.60 	 $ 6,828,318.95 	N	Low Risk
93416	Consulting / Other Professional Services	Professional Services	0	-0.44	25	 $ 3,285,398.15 	 $ 1,839,822.96 	Y	Low Risk
93566	Manufacturing	Energy & Manufacturing	0	0	68	 $ -   	 $ 65,571,553.27 	Y	Low Risk
93621	Higher Education	Research & Education	0	0	0	 $ -   	 $ -   	N	Low Risk
93699	Colo/Hosting	Data Center & Cloud Services	#N/A	#N/A	#N/A	 #N/A 	 #N/A 	#N/A	#N/A
93724	Internet Content & Software	Media & Content	0	3.176281	15	 $ 1,971,238.89 	 $ 8,232,448.18 	Y	Low Risk
93982	Internet Content & Software	Media & Content	0	0.145833	2	 $ 126,159.29 	 $ 144,557.52 	Y	High Risk
93987	Retail	Other Enterprise	0	0	2	 $ 131,415.93 	 $ 131,415.93 	Y	Low Risk
94038	Colo/Hosting	Data Center & Cloud Services	0	1.30347	120	 $ 21,815,043.72 	 $ 50,250,292.18 	Y	Low Risk
94222	Finance	Finance	0	0	8	 $ -   	 $ 949,021.42 	Y	Low Risk
94230	Utilities	Energy & Manufacturing	0	5.222288	548	 $ 87,917,254.49 	 $ 547,046,491.82 	N	Low Risk
94284	RLEC	Telecommunications	0	0.517638	26	 $ 4,730,973.34 	 $ 7,179,905.17 	Y	Low Risk
94339	Finance	Finance	0	-0.661868	896	 $ 67,153,538.19 	 $ 22,706,766.48 	N	M
94374	Regional Carrier/ISP	Telecommunications	0	0	3	 $ 1,117,035.37 	 $ 1,117,035.37 	Y	High Risk
94477	Reseller	Telecommunications	0	0	800	 $ -   	 $ -   	0	#N/A
94504	Reseller	Telecommunications	283	1268.949952	1	 $ 55,194.69 	 $ 70,094,492.57 	Y	M
94524	Legal	Professional Services	0	1.464482	2200	 $ 242,856,631.25 	 $ 598,515,846.76 	N	Low Risk
94578	Retail	Other Enterprise	0	0.295509	10	 $ 1,182,743.33 	 $ 1,532,254.50 	Y	Low Risk
94579	National Carrier/ISP	Telecommunications	0	0.017857	1	 $ 73,592.92 	 $ 74,907.08 	Y	Low Risk
94725	Manufacturing	Energy & Manufacturing	0	-0.010526	1	 $ 124,845.13 	 $ 123,530.97 	Y	Low Risk
94931	Finance	Finance	0	0	0	 $ -   	 $ 591,440.00 	N	Low Risk
94966	Commercial Systems Integrator	Professional Services	#N/A	#N/A	#N/A	 #N/A 	 #N/A 	#N/A	#N/A
95006	Colo/Hosting	Data Center & Cloud Services	0	0	0	 $ -   	 $ -   	N	0
95021			0	0	22	 $ 1,576,991.11 	 $ 1,576,991.11 	Y	Low Risk
95125	Internet Content & Software	Media & Content	0	0	12	 $ 1,314,159.26 	 $ 1,314,159.26 	Y	Low Risk
95381	Regional Carrier/ISP	Telecommunications	0	0	0	 $ -   	 $ 499,380.52 	N	Low Risk
95697	Consulting / Other Professional Services	Professional Services	0	0.02	1	 $ 65,707.96 	 $ 67,022.12 	Y	M
95804	Non-Healthcare Insurance	Other Enterprise	0	0	2	 $ 197,123.89 	 $ 197,123.89 	Y	0
96051	Finance	Finance	0	0.263158	5	 $ 499,380.52 	 $ 630,796.44 	Y	Low Risk
96059	Finance	Finance	0	0	12	 $ 1,090,752.19 	 $ 1,090,752.19 	Y	Low Risk
96145	Regional Carrier/ISP	Telecommunications	0	0	0	 $ -   	 $ 144,557.52 	Y	M
96238	Cloud Service Provider	Data Center & Cloud Services	0	0.016949	1	 $ 77,535.40 	 $ 78,849.56 	Y	Low Risk
96303	Consulting / Other Professional Services	Professional Services	0	0.466211	35	 $ 7,884,955.56 	 $ 11,561,005.95 	Y	Low Risk
96382	Regional Carrier/ISP	Telecommunications	0	0	0	 $ -   	 $ -   	N	0
96423	Finance	Finance	0	1.6	46	 $ 2,628,318.52 	 $ 6,833,628.15 	Y	High Risk
96775	Reseller	Telecommunications	0	0.839682	20	 $ 2,365,486.67 	 $ 4,351,743.77 	Y	Low Risk
96793	Internet Content & Software	Media & Content	0	0.81042	24	 $ 2,365,486.67 	 $ 4,282,524.37 	Y	Low Risk
96814	Consulting / Other Professional Services	Professional Services	0	1.105351	25	 $ 1,576,991.11 	 $ 3,320,119.55 	N	Low Risk
96815	Manufacturing	Energy & Manufacturing	0	0.1	356	 $ 59,722,009.62 	 $ 65,694,210.32 	N	Low Risk
96824	Media	Media & Content	0	0	0	 $ -   	 $ -   	0	Low Risk
97187	Internet Content & Software	Media & Content	0	0.090909	1	 $ 144,557.52 	 $ 157,699.11 	Y	Low Risk
97417	Internet Content & Software	Media & Content	0	0	0	 $ -   	 $ 442,443.25 	N	Low Risk
97446	Consulting / Other Professional Services	Professional Services	0	0.041667	5	 $ 315,398.22 	 $ 328,539.82 	Y	M
97652	Consulting / Other Professional Services	Professional Services	0	0	0	 $ -   	 $ -   	N	0
97656	Regional Carrier/ISP	Telecommunications	0	2.721105	12	 $ 1,222,168.11 	 $ 4,547,816.33 	Y	Low Risk
97805	Colo/Hosting	Data Center & Cloud Services	-0.5	-0.310345	2	 $ 114,331.86 	 $ 78,849.56 	Y	M
97906	Colo/Hosting	Data Center & Cloud Services	0	2.184443	41	 $ 6,570,796.30 	 $ 20,924,324.97 	Y	Low Risk
98082	Healthcare	Healthcare	0	0	3	 $ 36,796.46 	 $ 36,796.46 	Y	Low Risk
98124	Reseller	Telecommunications	0	0.078947	7	 $ 499,380.52 	 $ 538,805.30 	Y	High Risk
98127	Telecommunications Equipment Provider	Other Enterprise	0	0.733241	28	 $ 3,153,982.22 	 $ 5,466,610.78 	Y	Low Risk
98636	Internet Content & Software	Media & Content	0	0.634733	25	 $ 3,285,398.15 	 $ 5,370,749.43 	Y	Low Risk
98726			0	0	2	 $ 131,415.93 	 $ 131,415.93 	Y	0
98982	Media	Media & Content	0	-0.51106	105	 $ 12,221,681.12 	 $ 5,975,664.82 	Y	High Risk
99094	RLEC	Telecommunications	0	0	0	 $ -   	 $ -   	N	0
99236	Manufacturing	Energy & Manufacturing	0	-0.420064	200	 $ 40,476,105.21 	 $ 23,473,560.01 	N	Low Risk
99242	Internet Content & Software	Media & Content	0	0	1	 $ 144,557.52 	 $ 144,557.52 	Y	Low Risk
99267	Manufacturing	Energy & Manufacturing	1.5	16.535209	20	 $ 6,439,380.37 	 $ 112,915,877.93 	Y	Low Risk
99350	Internet Content & Software	Media & Content	0	3.404453	300	 $ 23,523,450.75 	 $ 103,607,921.81 	N	High Risk
99460	Regional Carrier/ISP	Telecommunications	0	0	0	 $ -   	 $ -   	N	High Risk
99678	Finance	Finance	0	1.07315	80	 $ 18,135,397.79 	 $ 37,597,406.49 	Y	Low Risk
99715	Finance	Finance	0	0.80684	50	 $ 4,468,141.48 	 $ 8,073,218.07 	N	Low Risk
99992	Pharmaceuticals	Healthcare	0	-0.112903	5	 $ 814,778.74 	 $ 722,787.59 	Y	Low Risk